__ntuple,entry,rec.dlp..index,rec.dlp.particles..index,pdg,genE,interaction_id,is_contained,is_fiducial,match_overlaps
,,,,,,,,,
,,,,,,,,,
,,,,,,,,,
1,0,0,0,22.0,0.0063862777,0.0,1.0,1.0,0.02248839
1,0,0,1,2212.0,0.99183416,0.0,1.0,1.0,0.02248839
1,0,0,2,2212.0,0.9829835,0.0,1.0,1.0,0.02248839
1,0,1,0,22.0,0.006156571,0.0,0.0,1.0,0.7662206
1,0,1,1,22.0,0.004761753,0.0,0.0,1.0,0.7662206
1,0,1,2,22.0,0.005346863,0.0,0.0,1.0,0.7662206
1,0,1,3,,,,0.0,1.0,0.7662206
1,0,1,4,22.0,0.0060989414,-1.0,0.0,1.0,0.7662206
1,0,1,5,,,,0.0,1.0,0.7662206
1,0,1,6,22.0,0.00612053,0.0,0.0,1.0,0.7662206
1,0,1,7,22.0,0.005310847,0.0,0.0,1.0,0.7662206
1,0,1,8,22.0,0.0062305853,0.0,0.0,1.0,0.7662206
1,0,1,9,22.0,0.0067799594,-1.0,0.0,1.0,0.7662206
1,0,1,10,22.0,0.0033052294,0.0,0.0,1.0,0.7662206
1,0,1,11,22.0,0.0064640036,-1.0,0.0,1.0,0.7662206
1,0,1,12,,,,0.0,1.0,0.7662206
1,0,1,13,,,,0.0,1.0,0.7662206
1,0,1,14,,,,0.0,1.0,0.7662206
1,0,1,15,2212.0,0.9943487,0.0,0.0,1.0,0.7662206
1,0,1,16,211.0,0.23143516,0.0,0.0,1.0,0.7662206
1,0,1,17,2212.0,1.0317541,0.0,0.0,1.0,0.7662206
1,0,1,18,2212.0,1.0317541,0.0,0.0,1.0,0.7662206
1,0,1,19,2212.0,0.98946,0.0,0.0,1.0,0.7662206
1,0,1,20,2212.0,1.0352963,0.0,0.0,1.0,0.7662206
1,0,1,21,2212.0,1.0352963,0.0,0.0,1.0,0.7662206
1,0,1,22,2212.0,1.2499038,0.0,0.0,1.0,0.7662206
1,0,1,23,13.0,2.025427,0.0,0.0,1.0,0.7662206
1,0,1,24,2212.0,0.9843889,0.0,0.0,1.0,0.7662206
1,0,1,25,2212.0,1.018768,0.0,0.0,1.0,0.7662206
1,0,1,26,2212.0,0.9843889,0.0,0.0,1.0,0.7662206
1,0,1,27,-211.0,0.51216125,-1.0,0.0,1.0,0.7662206
1,0,1,28,-211.0,0.26046392,-1.0,0.0,1.0,0.7662206
1,0,1,29,2212.0,0.9812355,-1.0,0.0,1.0,0.7662206
1,0,2,0,,,,0.0,0.0,0.12618296
1,0,2,1,13.0,1.3810818,-1.0,0.0,0.0,0.12618296
1,0,3,0,,,,0.0,0.0,0.9329212
1,0,3,1,,,,0.0,0.0,0.9329212
1,0,3,2,,,,0.0,0.0,0.9329212
1,0,3,3,,,,0.0,0.0,0.9329212
1,0,3,4,-13.0,35.632095,-1.0,0.0,0.0,0.9329212
1,0,4,0,,,,0.0,0.0,0.9252317
1,0,4,1,22.0,0.005495215,-1.0,0.0,0.0,0.9252317
1,0,4,2,-11.0,0.052612077,-1.0,0.0,0.0,0.9252317
1,0,4,3,-13.0,3.9223492,-1.0,0.0,0.0,0.9252317
1,0,5,0,22.0,0.0043313405,-1.0,1.0,1.0,0.110971
1,0,5,1,22.0,0.006217251,-1.0,1.0,1.0,0.110971
1,0,5,2,22.0,0.0045827418,-1.0,1.0,1.0,0.110971
1,0,5,3,2212.0,1.0042624,-1.0,1.0,1.0,0.110971
1,0,6,0,,,,0.0,0.0,0.91443455
1,0,6,1,,,,0.0,0.0,0.91443455
1,0,6,2,,,,0.0,0.0,0.91443455
1,0,6,3,,,,0.0,0.0,0.91443455
1,0,6,4,13.0,4.960169,-1.0,0.0,0.0,0.91443455
1,0,7,0,13.0,4.37312,-1.0,0.0,1.0,0.8522848
1,0,7,1,13.0,4.37312,-1.0,0.0,1.0,0.8522848
1,0,8,0,,,,0.0,0.0,0.95028955
1,0,8,1,-13.0,1.55603,-1.0,0.0,0.0,0.95028955
1,0,9,0,,,,,,
1,1,0,0,,,,0.0,1.0,0.6958998
1,1,0,1,,,,0.0,1.0,0.6958998
1,1,0,2,13.0,3.4244483,-1.0,0.0,1.0,0.6958998
1,1,1,0,,,,0.0,1.0,0.28094155
1,1,1,1,,,,0.0,1.0,0.28094155
1,1,1,2,13.0,3.4244483,-1.0,0.0,1.0,0.28094155
1,1,2,0,,,,0.0,0.0,0.8825107
1,1,2,1,,,,0.0,0.0,0.8825107
1,1,2,2,,,,0.0,0.0,0.8825107
1,1,2,3,,,,0.0,0.0,0.8825107
1,1,2,4,,,,0.0,0.0,0.8825107
1,1,2,5,,,,0.0,0.0,0.8825107
1,1,2,6,,,,0.0,0.0,0.8825107
1,1,2,7,,,,0.0,0.0,0.8825107
1,1,2,8,13.0,3.8750925,-1.0,0.0,0.0,0.8825107
1,1,3,0,22.0,0.0062049325,0.0,1.0,1.0,0.92435426
1,1,3,1,-11.0,0.030329527,0.0,1.0,1.0,0.92435426
1,1,3,2,,,,1.0,1.0,0.92435426
1,1,3,3,22.0,0.0028635005,0.0,1.0,1.0,0.92435426
1,1,3,4,-13.0,0.10977818,0.0,1.0,1.0,0.92435426
1,1,3,5,211.0,0.18170395,0.0,1.0,1.0,0.92435426
1,1,3,6,2212.0,0.9493037,0.0,1.0,1.0,0.92435426
1,1,3,7,13.0,0.2142526,0.0,1.0,1.0,0.92435426
1,1,4,0,,,,0.0,1.0,0.91369265
1,1,4,1,,,,0.0,1.0,0.91369265
1,1,4,2,,,,0.0,1.0,0.91369265
1,1,4,3,13.0,3.957269,-1.0,0.0,1.0,0.91369265
1,1,5,0,,,,,,
1,1,6,0,,,,,,
1,1,7,0,,,,0.0,0.0,0.933675
1,1,7,1,,,,0.0,0.0,0.933675
1,1,7,2,,,,0.0,0.0,0.933675
1,1,7,3,,,,0.0,0.0,0.933675
1,1,7,4,13.0,9.598819,-1.0,0.0,0.0,0.933675
1,1,8,0,-13.0,4.292135,-1.0,1.0,0.0,0.45982143
1,1,8,1,-13.0,4.292135,-1.0,1.0,0.0,0.45982143
1,1,9,0,,,,0.0,0.0,0.96703297
1,1,9,1,,,,0.0,0.0,0.96703297
1,1,9,2,,,,0.0,0.0,0.96703297
1,1,9,3,-13.0,3.688615,-1.0,0.0,0.0,0.96703297
1,1,10,0,,,,0.0,0.0,0.926451
1,1,10,1,,,,0.0,0.0,0.926451
1,1,10,2,,,,0.0,0.0,0.926451
1,1,10,3,,,,0.0,0.0,0.926451
1,1,10,4,,,,0.0,0.0,0.926451
1,1,10,5,-13.0,1.4019197,-1.0,0.0,0.0,0.926451
1,1,11,0,,,,0.0,0.0,0.984375
1,1,11,1,,,,0.0,0.0,0.984375
1,1,11,2,-13.0,2.1284523,-1.0,0.0,0.0,0.984375
1,1,12,0,,,,0.0,0.0,0.8987414
1,1,12,1,,,,0.0,0.0,0.8987414
1,1,12,2,,,,0.0,0.0,0.8987414
1,1,12,3,13.0,3.8138268,-1.0,0.0,0.0,0.8987414
1,1,13,0,,,,0.0,0.0,0.97317743
1,1,13,1,,,,0.0,0.0,0.97317743
1,1,13,2,,,,0.0,0.0,0.97317743
1,1,13,3,,,,0.0,0.0,0.97317743
1,1,13,4,,,,0.0,0.0,0.97317743
1,1,13,5,-13.0,1.579681,-1.0,0.0,0.0,0.97317743
1,1,14,0,,,,0.0,0.0,0.7557554
1,1,14,1,-13.0,10.009298,-1.0,0.0,0.0,0.7557554
1,1,15,0,,,,0.0,1.0,0.7542182
1,1,15,1,-13.0,2.5904582,-1.0,0.0,1.0,0.7542182
1,1,15,2,-13.0,2.5904582,-1.0,0.0,1.0,0.7542182
1,1,16,0,,,,0.0,1.0,0.9723684
1,1,16,1,-13.0,11.670083,-1.0,0.0,1.0,0.9723684
1,1,17,0,,,,0.0,0.0,0.7556776
1,1,17,1,,,,0.0,0.0,0.7556776
1,1,17,2,,,,0.0,0.0,0.7556776
1,1,17,3,,,,0.0,0.0,0.7556776
1,1,17,4,13.0,1.6315316,-1.0,0.0,0.0,0.7556776
1,1,18,0,,,,,,
1,1,19,0,,,,0.0,0.0,0.5314519
1,1,19,1,,,,0.0,0.0,0.5314519
1,1,19,2,,,,0.0,0.0,0.5314519
1,1,19,3,-13.0,35.632095,-1.0,0.0,0.0,0.5314519
1,1,20,0,-13.0,2.5904582,-1.0,0.0,1.0,0.23516111
1,1,21,0,13.0,7.3075404,-1.0,0.0,0.0,0.5714286
1,2,0,0,,,,0.0,0.0,0.80054647
1,2,0,1,,,,0.0,0.0,0.80054647
1,2,0,2,22.0,0.008659595,-1.0,0.0,0.0,0.80054647
1,2,0,3,,,,0.0,0.0,0.80054647
1,2,0,4,-13.0,5.669083,-1.0,0.0,0.0,0.80054647
1,2,1,0,22.0,0.004302899,-1.0,1.0,1.0,1.0
1,2,2,0,,,,0.0,0.0,0.9744058
1,2,2,1,13.0,1.3273381,-1.0,0.0,0.0,0.9744058
1,2,3,0,13.0,2.8516147,-1.0,0.0,0.0,0.9672619
1,2,4,0,2212.0,0.9490825,0.0,1.0,1.0,0.94871795
1,2,4,1,2212.0,0.9801313,0.0,1.0,1.0,0.94871795
1,2,5,0,13.0,0.74625266,-1.0,0.0,0.0,0.9539439
1,3,0,0,,,,0.0,0.0,0.86373454
1,3,0,1,,,,0.0,0.0,0.86373454
1,3,0,2,,,,0.0,0.0,0.86373454
1,3,0,3,,,,0.0,0.0,0.86373454
1,3,0,4,,,,0.0,0.0,0.86373454
1,3,0,5,-13.0,14.324742,-1.0,0.0,0.0,0.86373454
1,3,1,0,,,,0.0,0.0,0.8647984
1,3,1,1,,,,0.0,0.0,0.8647984
1,3,1,2,,,,0.0,0.0,0.8647984
1,3,1,3,,,,0.0,0.0,0.8647984
1,3,1,4,-13.0,24.309422,-1.0,0.0,0.0,0.8647984
1,3,2,0,,,,,,
1,3,3,0,,,,0.0,0.0,0.6248343
1,3,3,1,,,,0.0,0.0,0.6248343
1,3,3,2,-13.0,9.077692,-1.0,0.0,0.0,0.6248343
1,3,4,0,,,,0.0,0.0,0.55027336
1,3,4,1,,,,0.0,0.0,0.55027336
1,3,4,2,,,,0.0,0.0,0.55027336
1,3,4,3,13.0,5.920262,-1.0,0.0,0.0,0.55027336
1,3,4,4,13.0,5.920262,-1.0,0.0,0.0,0.55027336
1,3,5,0,-13.0,5.9776335,-1.0,0.0,1.0,0.9772059
1,3,5,1,,,,0.0,1.0,0.9772059
1,3,5,2,-13.0,5.9776335,-1.0,0.0,1.0,0.9772059
1,3,6,0,,,,0.0,1.0,0.40583873
1,3,6,1,,,,0.0,1.0,0.40583873
1,3,6,2,13.0,5.920262,-1.0,0.0,1.0,0.40583873
1,3,7,0,,,,0.0,1.0,0.47540984
1,3,7,1,,,,0.0,1.0,0.47540984
1,3,7,2,-13.0,5.941335,-1.0,0.0,1.0,0.47540984
1,3,8,0,,,,0.0,1.0,0.89349115
1,3,8,1,-13.0,6.5563164,-1.0,0.0,1.0,0.89349115
1,3,9,0,,,,0.0,1.0,0.94125324
1,3,9,1,,,,0.0,1.0,0.94125324
1,3,9,2,,,,0.0,1.0,0.94125324
1,3,9,3,13.0,5.11252,-1.0,0.0,1.0,0.94125324
1,3,10,0,13.0,1.002498,0.0,0.0,1.0,0.9409722
1,3,11,0,-13.0,1.0043243,-1.0,0.0,1.0,0.8832891
1,3,12,0,-13.0,5.941335,-1.0,0.0,1.0,0.5057232
1,4,0,0,-13.0,1.1338782,-1.0,0.0,0.0,0.80981594
1,4,0,1,,,,0.0,0.0,0.80981594
1,4,1,0,22.0,0.0044282316,-1.0,0.0,0.0,0.7989418
1,4,1,1,2212.0,1.0945734,-1.0,0.0,0.0,0.7989418
1,4,2,0,,,,0.0,1.0,0.9359487
1,4,2,1,,,,0.0,1.0,0.9359487
1,4,2,2,,,,0.0,1.0,0.9359487
1,4,2,3,13.0,5.034721,-1.0,0.0,1.0,0.9359487
1,4,3,0,,,,0.0,0.0,0.1678785
1,4,3,1,,,,0.0,0.0,0.1678785
1,4,3,2,,,,0.0,0.0,0.1678785
1,4,3,3,,,,0.0,0.0,0.1678785
1,4,3,4,-13.0,1.4858062,-1.0,0.0,0.0,0.1678785
1,4,4,0,13.0,0.9665034,1.0,0.0,1.0,0.8821918
1,4,5,0,,,,,,
1,5,0,0,,,,,,
1,5,1,0,,,,,,
1,5,2,0,,,,,,
1,5,3,0,22.0,0.0029676494,-1.0,0.0,0.0,0.89601314
1,5,3,1,,,,0.0,0.0,0.89601314
1,5,3,2,13.0,0.9141714,-1.0,0.0,0.0,0.89601314
1,5,4,0,11.0,0.0074757314,-1.0,1.0,1.0,0.93974173
1,5,4,1,13.0,0.8432432,-1.0,1.0,1.0,0.93974173
1,5,5,0,11.0,0.038529135,-1.0,0.0,0.0,0.9404719
1,5,5,1,13.0,1.1553518,-1.0,0.0,0.0,0.9404719
1,5,6,0,,,,0.0,1.0,0.97692305
1,5,6,1,-13.0,1.8659989,-1.0,0.0,1.0,0.97692305
1,5,7,0,,,,0.0,1.0,0.96942675
1,5,7,1,,,,0.0,1.0,0.96942675
1,5,7,2,-13.0,2.846818,-1.0,0.0,1.0,0.96942675
1,5,8,0,,,,0.0,0.0,0.91929585
1,5,8,1,,,,0.0,0.0,0.91929585
1,5,8,2,13.0,3.1181765,-1.0,0.0,0.0,0.91929585
1,5,9,0,,,,0.0,1.0,0.91600454
1,5,9,1,2212.0,1.0124702,0.0,0.0,1.0,0.91600454
1,5,9,2,13.0,1.1698534,0.0,0.0,1.0,0.91600454
1,6,0,0,,,,,,
1,6,1,0,22.0,0.0035075417,1.0,1.0,1.0,0.8685567
1,6,1,1,-11.0,0.04739975,1.0,1.0,1.0,0.8685567
1,6,1,2,-13.0,0.1666802,1.0,1.0,1.0,0.8685567
1,6,1,3,13.0,0.18411957,1.0,1.0,1.0,0.8685567
1,6,2,0,,,,,,
1,6,3,0,,,,,,
1,6,3,1,,,,,,
1,6,4,0,-11.0,0.5284481,-1.0,1.0,0.0,1.0
1,6,5,0,,,,0.0,0.0,0.83122545
1,6,5,1,,,,0.0,0.0,0.83122545
1,6,5,2,,,,0.0,0.0,0.83122545
1,6,5,3,-13.0,29.169777,-1.0,0.0,0.0,0.83122545
1,6,6,0,,,,0.0,0.0,0.87365204
1,6,6,1,,,,0.0,0.0,0.87365204
1,6,6,2,,,,0.0,0.0,0.87365204
1,6,6,3,,,,0.0,0.0,0.87365204
1,6,6,4,,,,0.0,0.0,0.87365204
1,6,6,5,-13.0,9.893099,-1.0,0.0,0.0,0.87365204
1,6,7,0,,,,0.0,0.0,0.8207578
1,6,7,1,,,,0.0,0.0,0.8207578
1,6,7,2,-13.0,1.9234258,-1.0,0.0,0.0,0.8207578
1,6,8,0,,,,1.0,0.0,0.049267642
1,6,8,1,2212.0,0.99504083,1.0,1.0,0.0,0.049267642
1,6,9,0,,,,0.0,0.0,0.76412696
1,6,9,1,,,,0.0,0.0,0.76412696
1,6,9,2,,,,0.0,0.0,0.76412696
1,6,9,3,,,,0.0,0.0,0.76412696
1,6,9,4,-13.0,1.8470193,-1.0,0.0,0.0,0.76412696
1,6,10,0,,,,0.0,0.0,0.973645
1,6,10,1,,,,0.0,0.0,0.973645
1,6,10,2,,,,0.0,0.0,0.973645
1,6,10,3,,,,0.0,0.0,0.973645
1,6,10,4,,,,0.0,0.0,0.973645
1,6,10,5,,,,0.0,0.0,0.973645
1,6,10,6,,,,0.0,0.0,0.973645
1,6,10,7,,,,0.0,0.0,0.973645
1,6,10,8,13.0,5.11856,-1.0,0.0,0.0,0.973645
1,6,11,0,-13.0,4.073168,-1.0,0.0,1.0,0.9811321
1,6,12,0,-13.0,2.7564983,-1.0,0.0,0.0,0.9122807
1,7,0,0,,,,0.0,0.0,0.97632223
1,7,0,1,,,,0.0,0.0,0.97632223
1,7,0,2,,,,0.0,0.0,0.97632223
1,7,0,3,,,,0.0,0.0,0.97632223
1,7,0,4,-13.0,11.93057,-1.0,0.0,0.0,0.97632223
1,7,1,0,-13.0,2.7137,-1.0,0.0,0.0,0.5686113
1,7,1,1,,,,0.0,0.0,0.5686113
1,7,1,2,,,,0.0,0.0,0.5686113
1,7,1,3,-13.0,2.7137,-1.0,0.0,0.0,0.5686113
1,7,2,0,22.0,0.004088418,-1.0,1.0,0.0,0.007367387
1,7,3,0,,,,,,
1,7,3,1,,,,,,
1,7,4,0,,,,,,
1,7,4,1,,,,,,
1,7,4,2,,,,,,
1,7,4,3,,,,,,
1,7,4,4,,,,,,
1,7,4,5,,,,,,
1,7,4,6,,,,,,
1,7,5,0,,,,0.0,1.0,0.90424895
1,7,5,1,,,,0.0,1.0,0.90424895
1,7,5,2,13.0,6.177276,-1.0,0.0,1.0,0.90424895
1,7,5,3,13.0,6.177276,-1.0,0.0,1.0,0.90424895
1,7,6,0,11.0,0.4550196,-1.0,1.0,1.0,0.11891892
1,7,6,1,,,,1.0,1.0,0.11891892
1,7,7,0,22.0,0.0028635003,-1.0,1.0,1.0,0.84194124
1,7,7,1,22.0,0.0062186867,-1.0,1.0,1.0,0.84194124
1,7,7,2,,,,1.0,1.0,0.84194124
1,7,7,3,22.0,0.25460768,-1.0,1.0,1.0,0.84194124
1,7,7,4,22.0,0.11289295,-1.0,1.0,1.0,0.84194124
1,7,7,5,2212.0,1.0902411,-1.0,1.0,1.0,0.84194124
1,7,7,6,2212.0,0.9452788,-1.0,1.0,1.0,0.84194124
1,7,7,7,2212.0,1.1304567,-1.0,1.0,1.0,0.84194124
1,7,8,0,-13.0,2.7538016,-1.0,1.0,0.0,0.8947368
1,7,9,0,,,,0.0,0.0,0.7015873
1,7,9,1,,,,0.0,0.0,0.7015873
1,7,9,2,-13.0,8.894087,-1.0,0.0,0.0,0.7015873
1,7,10,0,22.0,0.0054929247,0.0,1.0,0.0,0.31
1,7,10,1,,,,1.0,0.0,0.31
1,7,10,2,2212.0,0.95371366,0.0,1.0,0.0,0.31
1,7,11,0,,,,,,
1,7,11,1,,,,,,
1,7,12,0,,,,0.0,1.0,0.98916966
1,7,12,1,-13.0,1.1649652,-1.0,0.0,1.0,0.98916966
1,7,13,0,,,,0.0,1.0,0.95592487
1,7,13,1,-13.0,5.0263968,-1.0,0.0,1.0,0.95592487
1,7,14,0,13.0,2.7596135,-1.0,0.0,0.0,0.73630345
1,7,14,1,,,,0.0,0.0,0.73630345
1,7,14,2,,,,0.0,0.0,0.73630345
1,7,14,3,,,,0.0,0.0,0.73630345
1,7,14,4,13.0,2.7596135,-1.0,0.0,0.0,0.73630345
1,7,15,0,,,,0.0,0.0,0.90708476
1,7,15,1,13.0,23.916647,-1.0,0.0,0.0,0.90708476
1,7,15,2,13.0,23.916647,-1.0,0.0,0.0,0.90708476
1,8,0,0,,,,0.0,0.0,0.8834244
1,8,0,1,,,,0.0,0.0,0.8834244
1,8,0,2,,,,0.0,0.0,0.8834244
1,8,0,3,13.0,13.964781,-1.0,0.0,0.0,0.8834244
1,8,1,0,,,,,,
1,8,2,0,,,,,,
1,8,3,0,11.0,0.030259062,0.0,0.0,0.0,0.9221675
1,8,3,1,13.0,0.3929919,0.0,0.0,0.0,0.9221675
1,8,4,0,11.0,0.03334976,-1.0,0.0,0.0,0.94127905
1,8,4,1,13.0,0.9154992,-1.0,0.0,0.0,0.94127905
1,8,5,0,,,,0.0,0.0,0.935241
1,8,5,1,,,,0.0,0.0,0.935241
1,8,5,2,,,,0.0,0.0,0.935241
1,8,5,3,,,,0.0,0.0,0.935241
1,8,5,4,,,,0.0,0.0,0.935241
1,8,5,5,,,,0.0,0.0,0.935241
1,8,5,6,,,,0.0,0.0,0.935241
1,8,5,7,-13.0,25.993889,-1.0,0.0,0.0,0.935241
1,8,5,8,-13.0,25.993889,-1.0,0.0,0.0,0.935241
1,8,6,0,,,,0.0,1.0,0.9637931
1,8,6,1,,,,0.0,1.0,0.9637931
1,8,6,2,,,,0.0,1.0,0.9637931
1,8,6,3,-13.0,11.548925,-1.0,0.0,1.0,0.9637931
1,8,7,0,,,,0.0,1.0,0.9613929
1,8,7,1,,,,0.0,1.0,0.9613929
1,8,7,2,,,,0.0,1.0,0.9613929
1,8,7,3,-13.0,5.0404353,-1.0,0.0,1.0,0.9613929
1,8,7,4,,,,0.0,1.0,0.9613929
1,8,7,5,-13.0,5.0404353,-1.0,0.0,1.0,0.9613929
1,8,8,0,,,,0.0,0.0,0.933452
1,8,8,1,,,,0.0,0.0,0.933452
1,8,8,2,,,,0.0,0.0,0.933452
1,8,8,3,,,,0.0,0.0,0.933452
1,8,8,4,,,,0.0,0.0,0.933452
1,8,8,5,,,,0.0,0.0,0.933452
1,8,8,6,,,,0.0,0.0,0.933452
1,8,8,7,13.0,48.670746,-1.0,0.0,0.0,0.933452
1,8,8,8,13.0,48.670746,-1.0,0.0,0.0,0.933452
1,8,9,0,13.0,1.7107689,-1.0,0.0,1.0,0.9468892
1,9,0,0,22.0,0.008750931,-1.0,1.0,0.0,0.9285714
1,9,1,0,,,,0.0,0.0,0.8353622
1,9,1,1,-13.0,3.1470704,-1.0,0.0,0.0,0.8353622
1,9,1,2,,,,0.0,0.0,0.8353622
1,9,1,3,,,,0.0,0.0,0.8353622
1,9,1,4,,,,0.0,0.0,0.8353622
1,9,1,5,,,,0.0,0.0,0.8353622
1,9,1,6,,,,0.0,0.0,0.8353622
1,9,1,7,,,,0.0,0.0,0.8353622
1,9,1,8,,,,0.0,0.0,0.8353622
1,9,1,9,-13.0,3.1470704,-1.0,0.0,0.0,0.8353622
1,9,1,10,-13.0,3.1470704,-1.0,0.0,0.0,0.8353622
1,9,2,0,,,,0.0,1.0,0.7039685
1,9,2,1,,,,0.0,1.0,0.7039685
1,9,2,2,,,,0.0,1.0,0.7039685
1,9,2,3,,,,0.0,1.0,0.7039685
1,9,2,4,,,,0.0,1.0,0.7039685
1,9,2,5,-13.0,15.822502,-1.0,0.0,1.0,0.7039685
1,9,2,6,-13.0,15.822502,-1.0,0.0,1.0,0.7039685
1,9,3,0,,,,0.0,1.0,0.27508092
1,9,3,1,-13.0,15.822502,-1.0,0.0,1.0,0.27508092
1,9,4,0,13.0,4.785811,-1.0,0.0,1.0,0.9260739
1,9,4,1,,,,0.0,1.0,0.9260739
1,9,4,2,,,,0.0,1.0,0.9260739
1,9,4,3,13.0,4.785811,-1.0,0.0,1.0,0.9260739
1,9,5,0,22.0,0.0047527007,0.0,0.0,1.0,0.9106204
1,9,5,1,2212.0,0.980325,0.0,0.0,1.0,0.9106204
1,9,5,2,2212.0,1.0149288,0.0,0.0,1.0,0.9106204
1,9,5,3,13.0,0.97188866,0.0,0.0,1.0,0.9106204
1,9,6,0,,,,0.0,0.0,0.6075496
1,9,6,1,,,,0.0,0.0,0.6075496
1,9,6,2,,,,0.0,0.0,0.6075496
1,9,6,3,,,,0.0,0.0,0.6075496
1,9,6,4,,,,0.0,0.0,0.6075496
1,9,6,5,,,,0.0,0.0,0.6075496
1,9,6,6,13.0,15.981199,-1.0,0.0,0.0,0.6075496
1,9,7,0,,,,,,
1,9,8,0,,,,0.0,0.0,0.57093024
1,9,8,1,,,,0.0,0.0,0.57093024
1,9,8,2,-13.0,0.7666393,-1.0,0.0,0.0,0.57093024
1,9,9,0,,,,0.0,1.0,0.9490426
1,9,9,1,13.0,2.441197,-1.0,0.0,1.0,0.9490426
1,10,0,0,,,,,,
1,10,1,0,,,,0.0,0.0,0.91665256
1,10,1,1,,,,0.0,0.0,0.91665256
1,10,1,2,,,,0.0,0.0,0.91665256
1,10,1,3,13.0,7.854715,-1.0,0.0,0.0,0.91665256
1,10,1,4,,,,0.0,0.0,0.91665256
1,10,1,5,,,,0.0,0.0,0.91665256
1,10,1,6,,,,0.0,0.0,0.91665256
1,10,1,7,,,,0.0,0.0,0.91665256
1,10,1,8,,,,0.0,0.0,0.91665256
1,10,1,9,,,,0.0,0.0,0.91665256
1,10,1,10,13.0,7.854715,-1.0,0.0,0.0,0.91665256
1,10,2,0,,,,0.0,0.0,0.97396475
1,10,2,1,,,,0.0,0.0,0.97396475
1,10,2,2,,,,0.0,0.0,0.97396475
1,10,2,3,,,,0.0,0.0,0.97396475
1,10,2,4,,,,0.0,0.0,0.97396475
1,10,2,5,13.0,1.700602,-1.0,0.0,0.0,0.97396475
1,10,2,6,13.0,1.700602,-1.0,0.0,0.0,0.97396475
1,10,3,0,,,,0.0,0.0,0.36988172
1,10,3,1,,,,0.0,0.0,0.36988172
1,10,3,2,,,,0.0,0.0,0.36988172
1,10,3,3,-13.0,3.970195,-1.0,0.0,0.0,0.36988172
1,10,4,0,,,,,,
1,10,5,0,22.0,0.0034207997,1.0,1.0,0.0,0.027972028
1,10,6,0,-11.0,0.022174977,-1.0,0.0,0.0,0.6420198
1,10,6,1,-13.0,1.0163132,-1.0,0.0,0.0,0.6420198
1,10,7,0,,,,0.0,0.0,0.9558824
1,10,7,1,,,,0.0,0.0,0.9558824
1,10,7,2,,,,0.0,0.0,0.9558824
1,10,7,3,-13.0,7.603306,-1.0,0.0,0.0,0.9558824
1,10,8,0,,,,0.0,0.0,0.92699885
1,10,8,1,-13.0,3.8594778,-1.0,0.0,0.0,0.92699885
1,10,9,0,13.0,1.6383494,-1.0,0.0,0.0,0.8022617
1,10,10,0,,,,,,
1,10,11,0,2212.0,1.0745838,1.0,1.0,1.0,0.9006772
1,10,11,1,-211.0,0.26612657,1.0,1.0,1.0,0.9006772
1,10,11,2,2212.0,1.0745838,1.0,1.0,1.0,0.9006772
1,10,11,3,2212.0,1.0596946,1.0,1.0,1.0,0.9006772
1,10,12,0,,,,,,
1,11,0,0,,,,0.0,0.0,0.877003
1,11,0,1,22.0,0.08560151,0.0,0.0,0.0,0.877003
1,11,0,2,22.0,0.10729655,0.0,0.0,0.0,0.877003
1,11,0,3,13.0,0.3457487,0.0,0.0,0.0,0.877003
1,11,0,4,2212.0,1.2768462,0.0,0.0,0.0,0.877003
1,11,1,0,,,,0.0,0.0,0.8861901
1,11,1,1,-13.0,86.11516,-1.0,0.0,0.0,0.8861901
1,11,1,2,,,,0.0,0.0,0.8861901
1,11,1,3,-13.0,86.11516,-1.0,0.0,0.0,0.8861901
1,11,2,0,,,,0.0,0.0,0.4041096
1,11,2,1,-11.0,0.045244217,-1.0,0.0,0.0,0.4041096
1,11,2,2,-13.0,0.68813545,-1.0,0.0,0.0,0.4041096
1,11,3,0,,,,0.0,0.0,0.9471413
1,11,3,1,,,,0.0,0.0,0.9471413
1,11,3,2,,,,0.0,0.0,0.9471413
1,11,3,3,13.0,30.964884,-1.0,0.0,0.0,0.9471413
1,11,4,0,22.0,0.004677741,-1.0,1.0,1.0,0.94736844
1,11,5,0,22.0,0.0032368558,1.0,0.0,0.0,0.96534556
1,11,5,1,,,,0.0,0.0,0.96534556
1,11,5,2,,,,0.0,0.0,0.96534556
1,11,5,3,-13.0,2.2671423,-1.0,0.0,0.0,0.96534556
1,11,6,0,,,,,,
1,11,7,0,-13.0,13.1628895,-1.0,0.0,1.0,0.98245615
1,12,0,0,,,,0.0,0.0,0.88324875
1,12,0,1,,,,0.0,0.0,0.88324875
1,12,0,2,-13.0,8.335963,-1.0,0.0,0.0,0.88324875
1,12,1,0,,,,0.0,0.0,0.9380531
1,12,1,1,,,,0.0,0.0,0.9380531
1,12,1,2,,,,0.0,0.0,0.9380531
1,12,1,3,,,,0.0,0.0,0.9380531
1,12,1,4,,,,0.0,0.0,0.9380531
1,12,1,5,,,,0.0,0.0,0.9380531
1,12,1,6,,,,0.0,0.0,0.9380531
1,12,1,7,13.0,11.0536,-1.0,0.0,0.0,0.9380531
1,12,2,0,,,,0.0,0.0,0.8328141
1,12,2,1,,,,0.0,0.0,0.8328141
1,12,2,2,,,,0.0,0.0,0.8328141
1,12,2,3,,,,0.0,0.0,0.8328141
1,12,2,4,,,,0.0,0.0,0.8328141
1,12,2,5,-13.0,3.2830224,-1.0,0.0,0.0,0.8328141
1,12,3,0,,,,0.0,0.0,0.5262321
1,12,3,1,-13.0,1.4979591,-1.0,0.0,0.0,0.5262321
1,12,3,2,-13.0,8.878198,-1.0,0.0,0.0,0.5262321
1,12,4,0,,,,,,
1,12,4,1,,,,,,
1,12,5,0,,,,0.0,0.0,0.9503377
1,12,5,1,,,,0.0,0.0,0.9503377
1,12,5,2,,,,0.0,0.0,0.9503377
1,12,5,3,,,,0.0,0.0,0.9503377
1,12,5,4,,,,0.0,0.0,0.9503377
1,12,5,5,-13.0,4.868248,-1.0,0.0,0.0,0.9503377
1,12,6,0,,,,0.0,0.0,0.92276496
1,12,6,1,,,,0.0,0.0,0.92276496
1,12,6,2,,,,0.0,0.0,0.92276496
1,12,6,3,,,,0.0,0.0,0.92276496
1,12,6,4,,,,0.0,0.0,0.92276496
1,12,6,5,13.0,2.0044146,-1.0,0.0,0.0,0.92276496
1,12,7,0,,,,0.0,1.0,0.9053016
1,12,7,1,,,,0.0,1.0,0.9053016
1,12,7,2,,,,0.0,1.0,0.9053016
1,12,7,3,-13.0,1.7409767,-1.0,0.0,1.0,0.9053016
1,12,7,4,-13.0,1.7409767,-1.0,0.0,1.0,0.9053016
1,12,8,0,,,,0.0,1.0,0.93463415
1,12,8,1,-13.0,0.83622205,-1.0,0.0,1.0,0.93463415
1,12,9,0,,,,0.0,1.0,0.9450056
1,12,9,1,13.0,1.1529055,1.0,0.0,1.0,0.9450056
1,12,10,0,,,,0.0,0.0,0.39246863
1,12,10,1,-13.0,8.878198,-1.0,0.0,0.0,0.39246863
1,12,11,0,-13.0,4.986711,-1.0,0.0,0.0,0.9674134
1,13,0,0,,,,0.0,0.0,0.80419093
1,13,0,1,,,,0.0,0.0,0.80419093
1,13,0,2,-13.0,1.9356802,-1.0,0.0,0.0,0.80419093
1,13,0,3,,,,0.0,0.0,0.80419093
1,13,0,4,,,,0.0,0.0,0.80419093
1,13,0,5,,,,0.0,0.0,0.80419093
1,13,0,6,,,,0.0,0.0,0.80419093
1,13,0,7,-13.0,1.9356802,-1.0,0.0,0.0,0.80419093
1,13,1,0,,,,1.0,1.0,0.85714287
1,13,2,0,22.0,0.0048639034,0.0,0.0,1.0,0.9457237
1,13,2,1,,,,0.0,1.0,0.9457237
1,13,2,2,13.0,0.38603792,0.0,0.0,1.0,0.9457237
1,13,3,0,,,,0.0,1.0,0.9887441
1,13,3,1,13.0,2.475705,-1.0,0.0,1.0,0.9887441
1,13,4,0,,,,0.0,0.0,0.949594
1,13,4,1,,,,0.0,0.0,0.949594
1,13,4,2,,,,0.0,0.0,0.949594
1,13,4,3,13.0,2.488537,-1.0,0.0,0.0,0.949594
1,13,5,0,,,,,,
1,13,6,0,,,,1.0,0.0,0.29331142
1,13,7,0,11.0,0.018748676,-1.0,0.0,0.0,0.9678571
1,13,7,1,,,,0.0,0.0,0.9678571
1,13,7,2,,,,0.0,0.0,0.9678571
1,13,7,3,13.0,0.99004203,-1.0,0.0,0.0,0.9678571
1,13,7,4,13.0,0.99004203,-1.0,0.0,0.0,0.9678571
1,13,8,0,,,,0.0,0.0,0.8443418
1,13,8,1,-13.0,4.012081,-1.0,0.0,0.0,0.8443418
1,13,8,2,,,,0.0,0.0,0.8443418
1,13,8,3,,,,0.0,0.0,0.8443418
1,13,8,4,,,,0.0,0.0,0.8443418
1,13,8,5,-13.0,4.012081,-1.0,0.0,0.0,0.8443418
1,13,9,0,,,,0.0,0.0,0.92494786
1,13,9,1,,,,0.0,0.0,0.92494786
1,13,9,2,,,,0.0,0.0,0.92494786
1,13,9,3,,,,0.0,0.0,0.92494786
1,13,9,4,-13.0,4.887837,-1.0,0.0,0.0,0.92494786
1,13,9,5,-13.0,4.887837,-1.0,0.0,0.0,0.92494786
1,13,10,0,,,,0.0,1.0,0.90634656
1,13,10,1,,,,0.0,1.0,0.90634656
1,13,10,2,-13.0,5.623223,-1.0,0.0,1.0,0.90634656
1,13,11,0,,,,0.0,1.0,0.92448837
1,13,11,1,,,,0.0,1.0,0.92448837
1,13,11,2,13.0,1.8200775,-1.0,0.0,1.0,0.92448837
1,13,12,0,,,,0.0,0.0,0.8706977
1,13,12,1,13.0,4.003028,-1.0,0.0,0.0,0.8706977
1,13,12,2,13.0,4.003028,-1.0,0.0,0.0,0.8706977
1,13,13,0,,,,0.0,0.0,0.5187528
1,13,13,1,,,,0.0,0.0,0.5187528
1,13,13,2,13.0,3.819455,-1.0,0.0,0.0,0.5187528
1,14,0,0,22.0,0.0030845972,-1.0,1.0,0.0,0.9230769
1,14,1,0,,,,0.0,0.0,0.8243027
1,14,1,1,,,,0.0,0.0,0.8243027
1,14,1,2,,,,0.0,0.0,0.8243027
1,14,1,3,,,,0.0,0.0,0.8243027
1,14,1,4,13.0,8.536474,-1.0,0.0,0.0,0.8243027
1,14,1,5,,,,0.0,0.0,0.8243027
1,14,1,6,,,,0.0,0.0,0.8243027
1,14,1,7,,,,0.0,0.0,0.8243027
1,14,1,8,,,,0.0,0.0,0.8243027
1,14,1,9,13.0,8.536474,-1.0,0.0,0.0,0.8243027
1,14,2,0,,,,1.0,1.0,0.44186047
1,14,2,1,22.0,0.010957959,-1.0,1.0,1.0,0.44186047
1,14,3,0,,,,0.0,0.0,0.8680387
1,14,3,1,,,,0.0,0.0,0.8680387
1,14,3,2,,,,0.0,0.0,0.8680387
1,14,3,3,-13.0,8.805785,-1.0,0.0,0.0,0.8680387
1,14,3,4,,,,0.0,0.0,0.8680387
1,14,3,5,,,,0.0,0.0,0.8680387
1,14,3,6,,,,0.0,0.0,0.8680387
1,14,3,7,-13.0,8.805785,-1.0,0.0,0.0,0.8680387
1,14,4,0,-13.0,2.427903,-1.0,0.0,0.0,0.52883357
1,14,4,1,-13.0,2.427903,-1.0,0.0,0.0,0.52883357
1,14,5,0,,,,,,
1,14,6,0,13.0,5.5047474,-1.0,0.0,1.0,0.9512195
1,14,7,0,,,,,,
1,14,8,0,,,,,,
1,14,9,0,,,,,,
1,14,10,0,,,,,,
1,14,11,0,2212.0,1.2807451,-1.0,1.0,0.0,1.0
1,15,0,0,-11.0,0.04527225,-1.0,0.0,0.0,0.9452888
1,15,0,1,-13.0,0.4558146,-1.0,0.0,0.0,0.9452888
1,15,1,0,,,,1.0,0.0,0.325
1,15,2,0,22.0,0.005323486,-1.0,1.0,0.0,0.95
1,15,3,0,,,,,,
1,15,4,0,,,,0.0,1.0,0.9185083
1,15,4,1,,,,0.0,1.0,0.9185083
1,15,4,2,,,,0.0,1.0,0.9185083
1,15,4,3,,,,0.0,1.0,0.9185083
1,15,4,4,,,,0.0,1.0,0.9185083
1,15,4,5,,,,0.0,1.0,0.9185083
1,15,4,6,13.0,22.433243,-1.0,0.0,1.0,0.9185083
1,15,5,0,22.0,0.0076455288,2.0,1.0,0.0,0.026629936
1,15,6,0,,,,0.0,0.0,0.5984489
1,15,6,1,,,,0.0,0.0,0.5984489
1,15,6,2,13.0,20.439825,-1.0,0.0,0.0,0.5984489
1,15,7,0,22.0,0.005227353,2.0,0.0,0.0,0.92709273
1,15,7,1,13.0,0.3356088,2.0,0.0,0.0,0.92709273
1,15,7,2,2212.0,1.1504078,2.0,0.0,0.0,0.92709273
1,15,8,0,,,,0.0,1.0,0.24106923
1,15,8,1,,,,0.0,1.0,0.24106923
1,15,8,2,13.0,20.439825,-1.0,0.0,1.0,0.24106923
1,15,9,0,,,,0.0,0.0,0.95681065
1,15,9,1,,,,0.0,0.0,0.95681065
1,15,9,2,-13.0,1.750205,-1.0,0.0,0.0,0.95681065
1,15,10,0,,,,0.0,0.0,0.86052203
1,15,10,1,,,,0.0,0.0,0.86052203
1,15,10,2,13.0,6.508416,-1.0,0.0,0.0,0.86052203
1,15,11,0,,,,0.0,0.0,0.9137636
1,15,11,1,,,,0.0,0.0,0.9137636
1,15,11,2,13.0,2.872568,-1.0,0.0,0.0,0.9137636
1,15,12,0,-13.0,1.3258606,-1.0,0.0,1.0,0.89097106
1,16,0,0,,,,0.0,1.0,0.72307694
1,16,0,1,13.0,1.6587344,-1.0,0.0,1.0,0.72307694
1,16,1,0,,,,0.0,1.0,0.9337131
1,16,1,1,,,,0.0,1.0,0.9337131
1,16,1,2,,,,0.0,1.0,0.9337131
1,16,1,3,,,,0.0,1.0,0.9337131
1,16,1,4,,,,0.0,1.0,0.9337131
1,16,1,5,13.0,2.1987946,-1.0,0.0,1.0,0.9337131
1,16,2,0,,,,0.0,0.0,0.93924123
1,16,2,1,,,,0.0,0.0,0.93924123
1,16,2,2,,,,0.0,0.0,0.93924123
1,16,2,3,,,,0.0,0.0,0.93924123
1,16,2,4,13.0,10.479845,-1.0,0.0,0.0,0.93924123
1,16,3,0,,,,0.0,0.0,0.9785156
1,16,3,1,,,,0.0,0.0,0.9785156
1,16,3,2,,,,0.0,0.0,0.9785156
1,16,3,3,-13.0,1.3756329,-1.0,0.0,0.0,0.9785156
1,16,4,0,-13.0,2.6935034,-1.0,0.0,0.0,0.96309966
1,16,5,0,13.0,0.920494,0.0,0.0,1.0,0.84696174
1,17,0,0,,,,0.0,0.0,0.97630334
1,17,0,1,,,,0.0,0.0,0.97630334
1,17,0,2,,,,0.0,0.0,0.97630334
1,17,0,3,-13.0,1.8090544,-1.0,0.0,0.0,0.97630334
1,17,1,0,22.0,0.002507998,0.0,1.0,1.0,0.33566433
1,17,1,1,2212.0,0.9862902,0.0,1.0,1.0,0.33566433
1,17,2,0,,,,,,
1,17,3,0,22.0,0.0036368717,-1.0,1.0,1.0,0.90909094
1,17,4,0,,,,,,
1,17,4,1,,,,,,
1,17,5,0,13.0,0.28696826,1.0,1.0,1.0,0.9675926
1,17,5,1,2212.0,0.96566653,1.0,1.0,1.0,0.9675926
1,17,5,2,13.0,0.28696826,1.0,1.0,1.0,0.9675926
1,17,6,0,,,,0.0,0.0,0.89899397
1,17,6,1,,,,0.0,0.0,0.89899397
1,17,6,2,,,,0.0,0.0,0.89899397
1,17,6,3,-13.0,2.5460255,-1.0,0.0,0.0,0.89899397
1,17,7,0,,,,0.0,0.0,0.9742877
1,17,7,1,,,,0.0,0.0,0.9742877
1,17,7,2,,,,0.0,0.0,0.9742877
1,17,7,3,13.0,1.4070683,-1.0,0.0,0.0,0.9742877
1,17,8,0,2212.0,1.1073892,0.0,1.0,1.0,0.6573427
1,17,9,0,,,,,,
1,17,10,0,-13.0,4.1429687,-1.0,0.0,1.0,0.94660735
1,17,11,0,13.0,6.2151184,-1.0,0.0,0.0,0.65522623
1,18,0,0,-13.0,3.9686728,-1.0,0.0,0.0,0.34942085
1,18,0,1,-13.0,3.9686728,-1.0,0.0,0.0,0.34942085
1,18,1,0,13.0,1.32576,-1.0,0.0,0.0,0.7061977
1,18,1,1,13.0,1.32576,-1.0,0.0,0.0,0.7061977
1,18,2,0,,,,,,
1,18,2,1,,,,,,
1,18,2,2,,,,,,
1,18,3,0,,,,0.0,0.0,0.90208375
1,18,3,1,,,,0.0,0.0,0.90208375
1,18,3,2,,,,0.0,0.0,0.90208375
1,18,3,3,,,,0.0,0.0,0.90208375
1,18,3,4,,,,0.0,0.0,0.90208375
1,18,3,5,,,,0.0,0.0,0.90208375
1,18,3,6,-13.0,3.6827786,-1.0,0.0,0.0,0.90208375
1,18,4,0,,,,0.0,0.0,0.78430265
1,18,4,1,,,,0.0,0.0,0.78430265
1,18,4,2,,,,0.0,0.0,0.78430265
1,18,4,3,,,,0.0,0.0,0.78430265
1,18,4,4,,,,0.0,0.0,0.78430265
1,18,4,5,-13.0,4.4082685,-1.0,0.0,0.0,0.78430265
1,18,5,0,13.0,3.133721,-1.0,0.0,0.0,0.911828
1,18,5,1,13.0,3.133721,-1.0,0.0,0.0,0.911828
1,18,6,0,,,,0.0,0.0,0.88972974
1,18,6,1,13.0,2.7281704,1.0,0.0,0.0,0.88972974
1,18,7,0,,,,0.0,0.0,0.8926829
1,18,7,1,13.0,0.881345,0.0,0.0,0.0,0.8926829
1,18,8,0,,,,0.0,0.0,0.046979867
1,18,8,1,13.0,3.562519,-1.0,0.0,0.0,0.046979867
1,18,8,2,13.0,3.562519,-1.0,0.0,0.0,0.046979867
1,18,9,0,,,,0.0,0.0,0.9322382
1,18,9,1,,,,0.0,0.0,0.9322382
1,18,9,2,-13.0,4.175511,-1.0,0.0,0.0,0.9322382
1,18,10,0,13.0,15.458901,-1.0,0.0,0.0,0.9705882
1,18,11,0,-13.0,20.025177,-1.0,0.0,0.0,0.46860987
1,19,0,0,22.0,0.0037871576,0.0,1.0,1.0,0.021032505
1,19,1,0,22.0,0.0048977104,-1.0,1.0,1.0,1.0
1,19,2,0,22.0,0.0054245708,0.0,1.0,0.0,0.022944551
1,19,3,0,,,,0.0,1.0,0.9619699
1,19,3,1,,,,0.0,1.0,0.9619699
1,19,3,2,,,,0.0,1.0,0.9619699
1,19,3,3,,,,0.0,1.0,0.9619699
1,19,3,4,,,,0.0,1.0,0.9619699
1,19,3,5,,,,0.0,1.0,0.9619699
1,19,3,6,,,,0.0,1.0,0.9619699
1,19,3,7,-13.0,3.072796,-1.0,0.0,1.0,0.9619699
1,19,3,8,-13.0,3.072796,-1.0,0.0,1.0,0.9619699
1,19,4,0,2212.0,1.2663494,0.0,0.0,0.0,0.9332061
1,19,5,0,,,,,,
1,20,0,0,,,,0.0,0.0,0.75181425
1,20,0,1,,,,0.0,0.0,0.75181425
1,20,0,2,,,,0.0,0.0,0.75181425
1,20,0,3,,,,0.0,0.0,0.75181425
1,20,0,4,,,,0.0,0.0,0.75181425
1,20,0,5,,,,0.0,0.0,0.75181425
1,20,0,6,-13.0,21.871874,-1.0,0.0,0.0,0.75181425
1,20,1,0,22.0,0.009791718,1.0,1.0,1.0,0.85
1,20,2,0,-11.0,0.0378968,-1.0,0.0,0.0,0.94505495
1,20,2,1,-13.0,0.4064757,-1.0,0.0,0.0,0.94505495
1,20,3,0,22.0,0.0034098714,-1.0,1.0,0.0,1.0
1,20,4,0,,,,0.0,0.0,0.8716185
1,20,4,1,,,,0.0,0.0,0.8716185
1,20,4,2,13.0,2.9560184,-1.0,0.0,0.0,0.8716185
1,20,5,0,-13.0,0.7883964,-1.0,0.0,1.0,0.94961005
1,20,6,0,-13.0,1.7283922,-1.0,0.0,0.0,0.87537766
1,20,7,0,13.0,18.18647,-1.0,0.0,1.0,0.8943489
1,20,8,0,2212.0,0.987113,0.0,0.0,0.0,0.9236417
1,20,8,1,2212.0,0.97366804,0.0,0.0,0.0,0.9236417
1,20,8,2,2212.0,0.987113,0.0,0.0,0.0,0.9236417
1,20,8,3,13.0,0.4970714,0.0,0.0,0.0,0.9236417
1,20,8,4,2212.0,1.1072841,0.0,0.0,0.0,0.9236417
1,20,9,0,,,,,,
1,21,0,0,,,,0.0,0.0,0.8794727
1,21,0,1,,,,0.0,0.0,0.8794727
1,21,0,2,,,,0.0,0.0,0.8794727
1,21,0,3,,,,0.0,0.0,0.8794727
1,21,0,4,,,,0.0,0.0,0.8794727
1,21,0,5,,,,0.0,0.0,0.8794727
1,21,0,6,,,,0.0,0.0,0.8794727
1,21,0,7,13.0,14.217773,-1.0,0.0,0.0,0.8794727
1,21,1,0,,,,0.0,0.0,0.7988209
1,21,1,1,-13.0,1.1497794,-1.0,0.0,0.0,0.7988209
1,21,2,0,-11.0,0.04027996,-1.0,0.0,1.0,0.9482143
1,21,2,1,-13.0,0.51831913,-1.0,0.0,1.0,0.9482143
1,21,3,0,22.0,0.0055895085,0.0,1.0,1.0,0.95652175
1,21,4,0,,,,0.0,0.0,0.9052975
1,21,4,1,13.0,21.050167,-1.0,0.0,0.0,0.9052975
1,21,5,0,,,,0.0,0.0,0.89095414
1,21,5,1,,,,0.0,0.0,0.89095414
1,21,5,2,-13.0,6.906646,-1.0,0.0,0.0,0.89095414
1,21,6,0,,,,0.0,1.0,0.99086756
1,21,6,1,-13.0,8.64264,-1.0,0.0,1.0,0.99086756
1,21,7,0,,,,0.0,0.0,0.94174397
1,21,7,1,,,,0.0,0.0,0.94174397
1,21,7,2,,,,0.0,0.0,0.94174397
1,21,7,3,,,,0.0,0.0,0.94174397
1,21,7,4,-13.0,2.1482222,-1.0,0.0,0.0,0.94174397
1,21,8,0,-13.0,3.2457519,-1.0,0.0,0.0,0.9344486
1,21,9,0,,,,,,
1,22,0,0,,,,0.0,0.0,0.86214525
1,22,0,1,11.0,0.047753897,0.0,0.0,0.0,0.86214525
1,22,0,2,13.0,1.2171484,0.0,0.0,0.0,0.86214525
1,22,1,0,,,,0.0,0.0,0.8814349
1,22,1,1,,,,0.0,0.0,0.8814349
1,22,1,2,,,,0.0,0.0,0.8814349
1,22,1,3,-13.0,9.5098,-1.0,0.0,0.0,0.8814349
1,22,1,4,,,,0.0,0.0,0.8814349
1,22,1,5,,,,0.0,0.0,0.8814349
1,22,1,6,,,,0.0,0.0,0.8814349
1,22,1,7,,,,0.0,0.0,0.8814349
1,22,1,8,-13.0,9.5098,-1.0,0.0,0.0,0.8814349
1,22,2,0,,,,,,
1,22,3,0,,,,1.0,1.0,0.009756098
1,22,4,0,,,,0.0,0.0,0.4189781
1,22,4,1,13.0,4.2344775,-1.0,0.0,0.0,0.4189781
1,22,5,0,,,,0.0,0.0,0.5873869
1,22,5,1,,,,0.0,0.0,0.5873869
1,22,5,2,-13.0,35.01214,-1.0,0.0,0.0,0.5873869
1,22,6,0,,,,0.0,0.0,0.40202987
1,22,6,1,,,,0.0,0.0,0.40202987
1,22,6,2,-13.0,35.01214,-1.0,0.0,0.0,0.40202987
1,22,7,0,,,,0.0,0.0,0.9411765
1,22,7,1,13.0,27.92318,-1.0,0.0,0.0,0.9411765
1,22,8,0,-11.0,0.026223583,-1.0,0.0,0.0,0.88461536
1,22,8,1,-13.0,0.3368234,-1.0,0.0,0.0,0.88461536
1,22,9,0,,,,0.0,0.0,0.8822921
1,22,9,1,,,,0.0,0.0,0.8822921
1,22,9,2,-13.0,1.2130537,-1.0,0.0,0.0,0.8822921
1,22,10,0,,,,0.0,0.0,0.9641998
1,22,10,1,,,,0.0,0.0,0.9641998
1,22,10,2,,,,0.0,0.0,0.9641998
1,22,10,3,,,,0.0,0.0,0.9641998
1,22,10,4,,,,0.0,0.0,0.9641998
1,22,10,5,13.0,3.6754372,-1.0,0.0,0.0,0.9641998
1,22,10,6,,,,0.0,0.0,0.9641998
1,22,10,7,,,,0.0,0.0,0.9641998
1,22,10,8,,,,0.0,0.0,0.9641998
1,22,10,9,,,,0.0,0.0,0.9641998
1,22,10,10,13.0,3.6754372,-1.0,0.0,0.0,0.9641998
1,22,10,11,13.0,3.6754372,-1.0,0.0,0.0,0.9641998
1,22,11,0,-13.0,8.109263,-1.0,0.0,0.0,0.97047395
1,22,11,1,,,,0.0,0.0,0.97047395
1,22,11,2,,,,0.0,0.0,0.97047395
1,22,11,3,,,,0.0,0.0,0.97047395
1,22,11,4,-13.0,8.109263,-1.0,0.0,0.0,0.97047395
1,22,12,0,,,,,,
1,23,0,0,13.0,10.486429,-1.0,1.0,0.0,0.8666667
1,23,1,0,,,,,,
1,23,2,0,,,,0.0,0.0,0.88209194
1,23,2,1,,,,0.0,0.0,0.88209194
1,23,2,2,,,,0.0,0.0,0.88209194
1,23,2,3,,,,0.0,0.0,0.88209194
1,23,2,4,,,,0.0,0.0,0.88209194
1,23,2,5,,,,0.0,0.0,0.88209194
1,23,2,6,,,,0.0,0.0,0.88209194
1,23,2,7,,,,0.0,0.0,0.88209194
1,23,2,8,,,,0.0,0.0,0.88209194
1,23,2,9,13.0,7.796128,-1.0,0.0,0.0,0.88209194
1,23,2,10,13.0,7.796128,-1.0,0.0,0.0,0.88209194
1,23,2,11,13.0,7.796128,-1.0,0.0,0.0,0.88209194
1,23,3,0,22.0,0.008155529,1.0,1.0,1.0,0.019837692
1,23,4,0,22.0,0.00695866,1.0,1.0,1.0,0.82969433
1,23,4,1,22.0,0.0064993557,1.0,1.0,1.0,0.82969433
1,23,4,2,22.0,0.0042131064,1.0,1.0,1.0,0.82969433
1,23,4,3,-211.0,0.5167849,1.0,1.0,1.0,0.82969433
1,23,4,4,1000010020.0,1.9286991,1.0,1.0,1.0,0.82969433
1,23,4,5,1000010020.0,1.9286991,1.0,1.0,1.0,0.82969433
1,23,5,0,22.0,0.005777576,1.0,1.0,0.0,0.46031746
1,23,5,1,22.0,0.0066939844,-1.0,1.0,0.0,0.46031746
1,23,5,2,22.0,0.0052582584,-1.0,1.0,0.0,0.46031746
1,23,6,0,22.0,0.0014608299,-1.0,1.0,0.0,0.21568628
1,23,7,0,-11.0,0.010806261,-1.0,0.0,0.0,0.96141976
1,23,7,1,,,,0.0,0.0,0.96141976
1,23,7,2,-13.0,0.6969575,-1.0,0.0,0.0,0.96141976
1,23,8,0,,,,0.0,0.0,0.45384616
1,23,8,1,,,,0.0,0.0,0.45384616
1,23,8,2,13.0,43.712536,-1.0,0.0,0.0,0.45384616
1,23,9,0,,,,,,
1,23,10,0,-13.0,0.775295,-1.0,0.0,1.0,0.95616174
1,23,11,0,2212.0,1.0073103,1.0,1.0,0.0,0.042418774
1,23,12,0,13.0,2.104355,-1.0,0.0,0.0,0.9582598
1,23,13,0,13.0,12.348233,-1.0,0.0,0.0,0.9529617
1,24,0,0,22.0,0.007645505,1.0,1.0,1.0,1.0
1,24,1,0,,,,0.0,0.0,0.45701644
1,24,1,1,,,,0.0,0.0,0.45701644
1,24,1,2,-13.0,4.508246,-1.0,0.0,0.0,0.45701644
1,24,2,0,,,,0.0,0.0,0.4206278
1,24,2,1,13.0,3.9865954,-1.0,0.0,0.0,0.4206278
1,24,3,0,,,,0.0,1.0,0.95940673
1,24,3,1,13.0,0.7226481,-1.0,0.0,1.0,0.95940673
1,24,4,0,,,,0.0,0.0,0.8988303
1,24,4,1,,,,0.0,0.0,0.8988303
1,24,4,2,,,,0.0,0.0,0.8988303
1,24,4,3,-13.0,1.5512794,-1.0,0.0,0.0,0.8988303
1,24,5,0,,,,0.0,0.0,0.93690854
1,24,5,1,,,,0.0,0.0,0.93690854
1,24,5,2,13.0,6.0479803,-1.0,0.0,0.0,0.93690854
1,24,6,0,-13.0,4.508246,-1.0,0.0,1.0,0.533123
1,24,7,0,-13.0,4.486052,-1.0,0.0,0.0,0.9907251
1,25,0,0,,,,0.0,0.0,0.8575635
1,25,0,1,,,,0.0,0.0,0.8575635
1,25,0,2,,,,0.0,0.0,0.8575635
1,25,0,3,,,,0.0,0.0,0.8575635
1,25,0,4,-13.0,4.819929,-1.0,0.0,0.0,0.8575635
1,25,1,0,22.0,0.0032662044,-1.0,0.0,1.0,0.9541401
1,25,1,1,-13.0,3.448919,-1.0,0.0,1.0,0.9541401
1,25,2,0,,,,0.0,0.0,0.90191716
1,25,2,1,,,,0.0,0.0,0.90191716
1,25,2,2,,,,0.0,0.0,0.90191716
1,25,2,3,,,,0.0,0.0,0.90191716
1,25,2,4,-13.0,2.8714764,-1.0,0.0,0.0,0.90191716
1,25,3,0,,,,,,
1,25,4,0,,,,,,
1,25,5,0,,,,0.0,0.0,0.93368924
1,25,5,1,,,,0.0,0.0,0.93368924
1,25,5,2,13.0,1.4942586,1.0,0.0,0.0,0.93368924
1,25,6,0,,,,0.0,0.0,0.92258066
1,25,6,1,13.0,4.720555,-1.0,0.0,0.0,0.92258066
1,25,7,0,,,,0.0,1.0,0.97828865
1,25,7,1,,,,0.0,1.0,0.97828865
1,25,7,2,13.0,0.9589151,-1.0,0.0,1.0,0.97828865
1,25,8,0,,,,0.0,0.0,0.92631185
1,25,8,1,,,,0.0,0.0,0.92631185
1,25,8,2,,,,0.0,0.0,0.92631185
1,25,8,3,-13.0,5.9225206,-1.0,0.0,0.0,0.92631185
1,25,9,0,,,,0.0,1.0,0.9283597
1,25,9,1,,,,0.0,1.0,0.9283597
1,25,9,2,,,,0.0,1.0,0.9283597
1,25,9,3,,,,0.0,1.0,0.9283597
1,25,9,4,-13.0,66.12396,-1.0,0.0,1.0,0.9283597
1,25,10,0,,,,0.0,0.0,0.9558658
1,25,10,1,13.0,15.267291,-1.0,0.0,0.0,0.9558658
1,25,10,2,,,,0.0,0.0,0.9558658
1,25,10,3,13.0,15.267291,-1.0,0.0,0.0,0.9558658
1,25,11,0,,,,0.0,0.0,0.92368424
1,25,11,1,,,,0.0,0.0,0.92368424
1,25,11,2,,,,0.0,0.0,0.92368424
1,25,11,3,,,,0.0,0.0,0.92368424
1,25,11,4,,,,0.0,0.0,0.92368424
1,25,11,5,13.0,8.627171,-1.0,0.0,0.0,0.92368424
1,25,12,0,-13.0,1.2306434,-1.0,0.0,0.0,0.8905836
1,25,13,0,-13.0,2.658894,-1.0,0.0,1.0,0.98944336
1,25,14,0,-13.0,3.9261973,-1.0,0.0,1.0,0.9889706
1,25,15,0,13.0,8.387322,-1.0,0.0,0.0,0.60048425
1,25,16,0,,,,0.0,0.0,0.74150056
1,25,16,1,-13.0,13.424572,-1.0,0.0,0.0,0.74150056
1,25,16,2,,,,0.0,0.0,0.74150056
1,25,16,3,,,,0.0,0.0,0.74150056
1,25,16,4,,,,0.0,0.0,0.74150056
1,25,16,5,-13.0,13.424572,-1.0,0.0,0.0,0.74150056
1,26,0,0,,,,0.0,0.0,0.7393776
1,26,0,1,,,,0.0,0.0,0.7393776
1,26,0,2,,,,0.0,0.0,0.7393776
1,26,0,3,,,,0.0,0.0,0.7393776
1,26,0,4,-13.0,12.802219,-1.0,0.0,0.0,0.7393776
1,26,0,5,,,,0.0,0.0,0.7393776
1,26,0,6,-13.0,12.802219,-1.0,0.0,0.0,0.7393776
1,26,1,0,,,,0.0,0.0,0.75124973
1,26,1,1,,,,0.0,0.0,0.75124973
1,26,1,2,,,,0.0,0.0,0.75124973
1,26,1,3,13.0,3.231385,-1.0,0.0,0.0,0.75124973
1,26,2,0,22.0,0.005301648,-1.0,1.0,1.0,0.92753625
1,26,2,1,2212.0,1.0065491,-1.0,1.0,1.0,0.92753625
1,26,3,0,22.0,0.11714285,1.0,0.0,1.0,0.9142654
1,26,3,1,22.0,0.22172952,1.0,0.0,1.0,0.9142654
1,26,3,2,22.0,0.007732849,1.0,0.0,1.0,0.9142654
1,26,3,3,22.0,0.007732849,1.0,0.0,1.0,0.9142654
1,26,3,4,13.0,0.8535494,1.0,0.0,1.0,0.9142654
1,26,3,5,,,,0.0,1.0,0.9142654
1,26,3,6,2212.0,1.0297645,1.0,0.0,1.0,0.9142654
1,26,3,7,2212.0,1.0829713,1.0,0.0,1.0,0.9142654
1,26,3,8,-211.0,0.27892208,1.0,0.0,1.0,0.9142654
1,26,3,9,13.0,0.8535494,1.0,0.0,1.0,0.9142654
1,26,3,10,2212.0,1.2210239,1.0,0.0,1.0,0.9142654
1,26,4,0,,,,0.0,0.0,0.8652807
1,26,4,1,,,,0.0,0.0,0.8652807
1,26,4,2,,,,0.0,0.0,0.8652807
1,26,4,3,,,,0.0,0.0,0.8652807
1,26,4,4,13.0,2.8099647,-1.0,0.0,0.0,0.8652807
1,26,5,0,22.0,0.006254319,-1.0,1.0,1.0,0.012298232
1,26,6,0,,,,0.0,0.0,0.90121657
1,26,6,1,,,,0.0,0.0,0.90121657
1,26,6,2,13.0,9.581654,-1.0,0.0,0.0,0.90121657
1,26,7,0,13.0,3.8070698,-1.0,0.0,0.0,0.902439
1,26,8,0,2212.0,0.94196457,1.0,1.0,1.0,0.0026207413
1,26,9,0,13.0,1.5729675,-1.0,0.0,1.0,0.95109105
1,26,10,0,13.0,3.0635002,-1.0,0.0,0.0,0.9889706
1,27,0,0,-13.0,6.0775704,-1.0,1.0,0.0,0.93442625
1,27,0,1,-13.0,6.0775704,-1.0,1.0,0.0,0.93442625
1,27,1,0,22.0,0.005289556,-1.0,1.0,0.0,0.9375
1,27,2,0,,,,0.0,0.0,0.92347825
1,27,2,1,,,,0.0,0.0,0.92347825
1,27,2,2,,,,0.0,0.0,0.92347825
1,27,2,3,,,,0.0,0.0,0.92347825
1,27,2,4,,,,0.0,0.0,0.92347825
1,27,2,5,,,,0.0,0.0,0.92347825
1,27,2,6,,,,0.0,0.0,0.92347825
1,27,2,7,,,,0.0,0.0,0.92347825
1,27,2,8,,,,0.0,0.0,0.92347825
1,27,2,9,13.0,5.3333936,-1.0,0.0,0.0,0.92347825
1,27,3,0,,,,0.0,0.0,0.9241791
1,27,3,1,,,,0.0,0.0,0.9241791
1,27,3,2,,,,0.0,0.0,0.9241791
1,27,3,3,,,,0.0,0.0,0.9241791
1,27,3,4,,,,0.0,0.0,0.9241791
1,27,3,5,,,,0.0,0.0,0.9241791
1,27,3,6,,,,0.0,0.0,0.9241791
1,27,3,7,-13.0,2.3127916,-1.0,0.0,0.0,0.9241791
1,27,3,8,,,,0.0,0.0,0.9241791
1,27,3,9,,,,0.0,0.0,0.9241791
1,27,3,10,,,,0.0,0.0,0.9241791
1,27,3,11,-13.0,2.3127916,-1.0,0.0,0.0,0.9241791
1,27,4,0,,,,0.0,0.0,0.9158416
1,27,4,1,-13.0,7.687372,-1.0,0.0,0.0,0.9158416
1,27,5,0,22.0,0.003100252,0.0,0.0,1.0,0.93225574
1,27,5,1,,,,0.0,1.0,0.93225574
1,27,5,2,,,,0.0,1.0,0.93225574
1,27,5,3,13.0,1.0665668,0.0,0.0,1.0,0.93225574
1,27,5,4,13.0,1.0665668,0.0,0.0,1.0,0.93225574
1,27,5,5,13.0,1.0665668,0.0,0.0,1.0,0.93225574
1,27,5,6,2212.0,1.1248778,0.0,0.0,1.0,0.93225574
1,27,6,0,,,,,,
1,27,7,0,,,,0.0,0.0,0.7348731
1,27,7,1,,,,0.0,0.0,0.7348731
1,27,7,2,-13.0,3.9589024,-1.0,0.0,0.0,0.7348731
1,27,7,3,,,,0.0,0.0,0.7348731
1,27,7,4,,,,0.0,0.0,0.7348731
1,27,7,5,,,,0.0,0.0,0.7348731
1,27,7,6,,,,0.0,0.0,0.7348731
1,27,7,7,-13.0,3.9589024,-1.0,0.0,0.0,0.7348731
1,27,8,0,,,,0.0,0.0,0.9202764
1,27,8,1,,,,0.0,0.0,0.9202764
1,27,8,2,,,,0.0,0.0,0.9202764
1,27,8,3,,,,0.0,0.0,0.9202764
1,27,8,4,,,,0.0,0.0,0.9202764
1,27,8,5,13.0,3.7580109,-1.0,0.0,0.0,0.9202764
1,27,9,0,,,,0.0,1.0,0.93820226
1,27,9,1,-13.0,2.427903,-1.0,0.0,1.0,0.93820226
1,27,10,0,,,,0.0,0.0,0.9237288
1,27,10,1,-13.0,7.185072,-1.0,0.0,0.0,0.9237288
